City_ID,City,Country,Date,Lat,Lng,Max Temp,Humidity,Cloudiness,Wind Speed
0,Alofi,NU,2021-07-31 19:36:09,-19.0595,-169.9187,76.89,100,93,12.66
1,Bluff,NZ,2021-07-31 19:36:09,-46.6,168.3333,47.8,95,100,5.44
2,Bredasdorp,ZA,2021-07-31 19:36:10,-34.5322,20.0403,51.28,93,100,1.14
3,Jamestown,US,2021-07-31 19:35:43,42.097,-79.2353,74.3,53,20,4.0
4,Puerto Ayora,EC,2021-07-31 19:36:05,-0.7393,-90.3518,75.16,95,41,7.0
5,Rikitea,PF,2021-07-31 19:31:20,-23.1203,-134.9692,70.63,71,4,9.89
6,Beringovskiy,RU,2021-07-31 19:36:10,63.05,179.3167,42.35,86,100,5.75
7,Moyale,KE,2021-07-31 19:36:11,3.5167,39.0584,69.85,58,99,12.1
8,Atuona,PF,2021-07-31 19:36:12,-9.8,-139.0333,76.75,70,40,12.97
9,Ushuaia,AR,2021-07-31 19:33:17,-54.8,-68.3,44.26,57,75,24.16
10,Le Port,RE,2021-07-31 19:36:12,-20.9373,55.2919,69.8,74,22,3.8
11,Ribeira Grande,PT,2021-07-31 19:35:51,38.5167,-28.7,77.4,73,20,10.36
12,Yellowknife,CA,2021-07-31 19:36:13,62.456,-114.3525,80.29,53,20,9.22
13,Kodiak,US,2021-07-31 19:36:13,57.79,-152.4072,53.11,82,90,5.75
14,San Quintin,MX,2021-07-31 19:36:14,30.4833,-115.95,78.24,63,2,13.69
15,Sao Felix Do Xingu,BR,2021-07-31 19:33:25,-6.6447,-51.995,96.75,21,56,4.7
16,Punta Arenas,CL,2021-07-31 19:36:14,-53.15,-70.9167,42.91,56,0,16.11
17,Dingle,PH,2021-07-31 19:36:14,10.9995,122.6711,77.77,88,98,6.4
18,Beira,MZ,2021-07-31 19:32:52,-19.8436,34.8389,69.89,83,20,5.75
19,Mataura,NZ,2021-07-31 19:36:04,-46.1927,168.8643,47.48,100,100,1.63
20,Polovinnoye,RU,2021-07-31 19:36:15,54.7914,65.9864,64.83,81,98,7.18
21,Norman Wells,CA,2021-07-31 19:36:05,65.282,-126.8329,78.84,47,75,5.75
22,Busselton,AU,2021-07-31 19:36:16,-33.65,115.3333,50.09,81,80,27.87
23,Flin Flon,CA,2021-07-31 19:36:16,54.7682,-101.865,75.04,33,20,0.0
24,Bauchi,NG,2021-07-31 19:36:17,10.5,10.0,74.61,83,79,4.76
25,Srednekolymsk,RU,2021-07-31 19:36:17,67.45,153.6833,40.62,86,100,12.15
26,Chaiyaphum,TH,2021-07-31 19:36:17,15.75,102.0,76.75,86,100,13.47
27,Imeni Poliny Osipenko,RU,2021-07-31 19:36:18,52.4201,136.4853,48.09,97,100,11.52
28,Vilhena,BR,2021-07-31 19:36:18,-12.7406,-60.1458,86.22,30,0,6.91
29,Biryusinsk,RU,2021-07-31 19:36:18,55.9634,97.8235,57.47,86,100,2.04
30,Nome,US,2021-07-31 19:32:31,64.5011,-165.4064,49.15,93,90,20.71
31,Hualmay,PE,2021-07-31 19:32:12,-11.0964,-77.6139,67.68,73,18,13.85
32,Bandarbeyla,SO,2021-07-31 19:36:02,9.4942,50.8122,76.05,82,100,25.95
33,Baculin,PH,2021-07-31 19:36:20,7.4525,126.5842,78.58,86,100,4.65
34,Dwarka,IN,2021-07-31 19:31:21,22.2394,68.9678,81.79,84,100,26.13
35,Kulachi,PK,2021-07-31 19:36:20,31.9286,70.4592,94.5,46,0,2.24
36,Salina Cruz,MX,2021-07-31 19:36:21,16.1667,-95.2,93.0,48,36,23.0
37,Kapaa,US,2021-07-31 19:35:52,22.0752,-159.319,82.72,69,75,4.0
38,Maniitsoq,GL,2021-07-31 19:36:22,65.4167,-52.9,46.26,86,23,6.78
39,Hermanus,ZA,2021-07-31 19:36:22,-34.4187,19.2345,55.9,78,100,4.9
40,Talnakh,RU,2021-07-31 19:31:29,69.4865,88.3972,51.42,84,8,9.6
41,Henties Bay,NA,2021-07-31 19:36:23,-22.116,14.2845,69.31,38,0,11.7
42,Afua,BR,2021-07-31 19:36:23,-0.1567,-50.3867,82.36,78,25,4.65
43,Khatanga,RU,2021-07-31 19:36:24,71.9667,102.5,67.19,44,100,13.65
44,Barrow,US,2021-07-31 19:36:05,71.2906,-156.7887,46.42,90,90,14.97
45,Dutlwe,BW,2021-07-31 19:36:24,-23.9833,23.9,51.96,38,0,10.02
46,Port Alfred,ZA,2021-07-31 19:36:25,-33.5906,26.891,67.06,41,100,5.99
47,Malgrat De Mar,ES,2021-07-31 19:36:26,41.6466,2.7414,76.1,41,3,4.0
48,Channel-Port Aux Basques,CA,2021-07-31 19:36:27,47.5702,-59.1367,59.95,88,25,21.5
49,Mayumba,GA,2021-07-31 19:36:27,-3.432,10.6554,73.02,84,25,7.23
50,Souillac,MU,2021-07-31 19:35:41,-20.5167,57.5167,70.18,78,75,14.97
51,Sur,OM,2021-07-31 19:36:28,22.5667,59.5289,89.26,59,40,12.8
52,Moranbah,AU,2021-07-31 19:36:28,-22.0016,148.0466,59.7,92,0,4.05
53,Avarua,CK,2021-07-31 19:31:53,-21.2078,-159.775,75.25,73,40,17.27
54,Castro,BR,2021-07-31 19:36:29,-24.7911,-50.0119,53.19,63,95,6.89
55,Dikson,RU,2021-07-31 19:36:29,73.5069,80.5464,42.39,96,100,13.22
56,Yumen,CN,2021-07-31 19:31:46,40.2833,97.2,76.6,21,99,19.98
57,Whitecourt,CA,2021-07-31 19:36:30,54.1502,-115.6855,76.24,60,75,10.36
58,Port Elizabeth,ZA,2021-07-31 19:32:02,-33.918,25.5701,53.89,76,40,3.44
59,Luderitz,NA,2021-07-31 19:36:30,-26.6481,15.1594,70.38,26,0,6.62
60,Aripuana,BR,2021-07-31 19:36:31,-9.1667,-60.6333,92.66,21,10,3.06
61,Fortuna,US,2021-07-31 19:36:31,40.5982,-124.1573,97.48,78,1,12.66
62,Mount Darwin,ZW,2021-07-31 19:36:32,-16.7725,31.5838,56.34,77,33,5.55
63,Chokurdakh,RU,2021-07-31 19:32:37,70.6333,147.9167,37.51,82,100,20.38
64,Puerto Del Rosario,ES,2021-07-31 19:36:32,28.5004,-13.8627,76.75,65,20,19.57
65,Arraial Do Cabo,BR,2021-07-31 19:36:32,-22.9661,-42.0278,69.76,94,75,3.44
66,Saskylakh,RU,2021-07-31 19:36:33,71.9167,114.0833,65.75,42,0,8.46
67,Port Stanley,FK,2021-07-31 19:36:33,-51.7,-57.85,44.89,71,6,19.84
68,Tiksi,RU,2021-07-31 19:36:30,71.6872,128.8694,39.94,91,93,8.1
69,Victoria,HK,2021-07-31 19:34:49,22.2855,114.1577,86.38,91,99,3.0
70,Wewak,PG,2021-07-31 19:31:52,-3.5534,143.6268,77.4,87,91,4.52
71,Faanui,PF,2021-07-31 19:36:21,-16.4833,-151.75,77.86,63,96,16.62
72,Dubbo,AU,2021-07-31 19:36:35,-32.25,148.6167,53.73,82,0,5.75
73,Koulikoro,ML,2021-07-31 19:36:35,14.0,-7.75,84.47,56,100,6.24
74,Bethel,US,2021-07-31 19:36:08,41.3712,-73.414,77.09,53,75,8.05
75,Vaini,TO,2021-07-31 19:35:48,-21.2,-175.2,71.76,94,90,12.66
76,Nikolskoye,RU,2021-07-31 19:33:34,59.7035,30.7861,67.8,71,71,4.38
77,Hasaki,JP,2021-07-31 19:36:36,35.7333,140.8333,73.8,91,53,6.85
78,Fuzhou,CN,2021-07-31 19:33:01,26.0614,119.3061,80.49,98,71,1.12
79,Meulaboh,ID,2021-07-31 19:35:47,4.1363,96.1285,75.78,85,100,2.84
80,Hobart,AU,2021-07-31 19:36:37,-42.8794,147.3294,48.06,69,6,4.0
81,Kalmunai,LK,2021-07-31 19:34:18,7.4167,81.8167,80.62,75,100,6.87
82,Mar Del Plata,AR,2021-07-31 19:33:43,-38.0023,-57.5575,55.42,27,0,8.01
83,Quixada,BR,2021-07-31 19:36:37,-4.9714,-39.0153,91.29,25,86,6.51
84,Margate,GB,2021-07-31 19:35:30,51.3813,1.3862,64.9,85,43,1.01
85,Lebu,CL,2021-07-31 19:32:19,-37.6167,-73.65,51.91,68,0,15.7
86,Ulladulla,AU,2021-07-31 19:35:43,-35.35,150.4667,58.1,62,2,6.76
87,Huarmey,PE,2021-07-31 19:36:08,-10.0681,-78.1522,69.89,71,6,13.53
88,Macas,EC,2021-07-31 19:34:26,-2.3167,-78.1167,73.15,78,75,3.44
89,Luwuk,ID,2021-07-31 19:36:39,-0.9516,122.7875,76.08,88,21,3.53
90,Albany,US,2021-07-31 19:33:36,42.6001,-73.9662,73.38,48,67,8.34
91,Port Washington,US,2021-07-31 19:36:40,40.8257,-73.6982,80.2,42,20,1.01
92,Thompson,CA,2021-07-31 19:32:09,55.7435,-97.8558,73.56,43,75,11.5
93,Pevek,RU,2021-07-31 19:36:41,69.7008,170.3133,35.87,79,86,2.82
94,Thinadhoo,MV,2021-07-31 19:36:06,0.5333,72.9333,81.9,70,96,1.48
95,Husavik,IS,2021-07-31 19:36:20,66.0449,-17.3389,60.71,62,64,3.8
96,Mecca,SA,2021-07-31 19:34:05,21.4267,39.8261,90.91,41,100,11.01
97,Xining,CN,2021-07-31 19:36:33,36.6167,101.7667,55.71,73,3,2.39
98,Kudahuvadhoo,MV,2021-07-31 19:36:42,2.6708,72.8944,82.92,71,97,5.35
99,Karasjok,NO,2021-07-31 19:36:42,69.4719,25.5112,48.31,90,100,7.02
100,Geraldton,AU,2021-07-31 19:36:31,-28.7667,114.6,61.12,67,75,14.97
101,Aksarayskiy,RU,2021-07-31 19:36:42,46.7924,48.0119,73.35,48,85,5.91
102,Sambava,MG,2021-07-31 19:36:43,-14.2667,50.1667,67.17,82,0,11.81
103,Mount Gambier,AU,2021-07-31 19:32:08,-37.8333,140.7667,40.91,93,9,6.91
104,East London,ZA,2021-07-31 19:36:23,-33.0153,27.9116,66.0,40,87,6.85
105,Vanimo,PG,2021-07-31 19:36:44,-2.6741,141.3028,76.23,89,44,4.27
106,Port Hawkesbury,CA,2021-07-31 19:36:44,45.6169,-61.3485,70.88,64,20,5.99
107,Sitka,US,2021-07-31 19:36:45,57.0531,-135.33,60.69,88,90,4.61
108,Aksu,CN,2021-07-31 19:33:34,41.1231,80.2644,75.67,32,0,3.78
109,Simao,CN,2021-07-31 19:36:45,22.7886,100.9748,65.64,99,100,1.92
110,Zhigansk,RU,2021-07-31 19:36:46,66.7697,123.3711,64.6,47,11,7.25
111,Saquarema,BR,2021-07-31 19:36:46,-22.92,-42.5103,69.94,76,83,5.17
112,Tigre,AR,2021-07-31 19:36:46,-34.426,-58.5796,63.3,53,0,6.91
113,Ancud,CL,2021-07-31 19:36:47,-41.8697,-73.8203,49.53,63,47,3.02
114,Sola,VU,2021-07-31 19:33:02,-13.8833,167.55,76.68,75,100,15.64
115,Esperance,AU,2021-07-31 19:32:01,-33.8667,121.9,49.84,72,8,29.33
116,Qeshm,IR,2021-07-31 19:36:47,26.9581,56.2719,93.07,77,100,1.05
117,Plettenberg Bay,ZA,2021-07-31 19:32:26,-34.0527,23.3716,61.47,42,14,3.83
118,Cherskiy,RU,2021-07-31 19:36:01,68.75,161.3,41.29,92,100,13.94
119,Hambantota,LK,2021-07-31 19:36:48,6.1241,81.1185,79.29,82,50,18.07
120,Codrington,AU,2021-07-31 19:31:47,-38.2667,141.9667,41.49,91,52,8.72
121,Korla,CN,2021-07-31 19:36:49,41.7597,86.1469,72.12,41,94,17.76
122,Mana,GF,2021-07-31 19:36:49,5.6592,-53.7767,83.08,74,8,9.46
123,Bonavista,CA,2021-07-31 19:36:49,48.6499,-53.1147,69.8,70,4,21.54
124,Shimoda,JP,2021-07-31 19:36:50,34.6667,138.95,76.1,84,11,4.72
125,Fort Nelson,CA,2021-07-31 19:36:50,58.8053,-122.7002,80.19,44,20,3.44
126,Paamiut,GL,2021-07-31 19:33:00,61.994,-49.6678,45.61,85,97,17.72
127,Ginda,IN,2021-07-31 19:36:51,30.6945,78.4932,65.75,91,48,2.51
128,Nouadhibou,MR,2021-07-31 19:36:51,20.931,-17.0347,71.58,83,12,20.71
129,Hithadhoo,MV,2021-07-31 19:36:03,-0.6,73.0833,81.5,71,91,3.06
130,Upernavik,GL,2021-07-31 19:36:52,72.7868,-56.1549,42.76,78,100,0.51
131,Comodoro Rivadavia,AR,2021-07-31 19:35:46,-45.8667,-67.5,51.66,24,0,16.11
132,Rawson,AR,2021-07-31 19:36:52,-43.3002,-65.1023,50.07,33,0,7.72
133,Shenzhen,CN,2021-07-31 19:36:54,22.5455,114.0683,86.27,93,92,6.6
134,San Patricio,US,2021-07-31 19:33:24,28.017,-97.5169,97.52,40,40,14.5
135,Durazno,UY,2021-07-31 19:32:08,-33.4131,-56.5006,62.55,45,0,3.44
136,Sri Aman,MY,2021-07-31 19:36:54,1.2376,111.4621,75.25,94,60,0.0
137,Cabo San Lucas,MX,2021-07-31 19:36:55,22.8909,-109.9124,99.81,65,40,5.01
138,Cape Town,ZA,2021-07-31 19:33:12,-33.9258,18.4232,57.27,85,75,1.99
139,Guerrero Negro,MX,2021-07-31 19:36:55,27.9769,-114.0611,85.32,48,5,11.36
140,Lasa,IT,2021-07-31 19:36:55,46.6166,10.7002,63.48,93,100,4.23
141,Basco,PH,2021-07-31 19:32:07,20.4487,121.9702,82.08,89,100,26.89
142,Chauk,MM,2021-07-31 19:36:56,20.8833,94.8167,80.56,79,100,14.92
143,Xinzhi,CN,2021-07-31 19:36:56,36.4989,111.7047,80.94,34,0,4.54
144,Caravelas,BR,2021-07-31 19:36:57,-17.7125,-39.2481,69.64,69,42,12.73
145,Krasnoye-Na-Volge,RU,2021-07-31 19:36:57,57.5125,41.2419,65.7,69,16,7.92
146,Xiaoweizhai,CN,2021-07-31 19:36:58,26.1903,107.5125,71.47,94,82,2.98
147,Olafsvik,IS,2021-07-31 19:36:25,64.8945,-23.7142,55.08,91,87,7.54
148,Oksfjord,NO,2021-07-31 19:36:58,70.2396,22.3479,50.07,93,100,5.3
149,Turukhansk,RU,2021-07-31 19:36:58,65.8167,87.9833,54.82,65,100,5.93
150,Hilo,US,2021-07-31 19:35:56,19.7297,-155.09,79.61,85,90,8.05
151,Nha Trang,VN,2021-07-31 19:36:59,12.25,109.1833,84.2,72,100,4.43
152,Chincha Alta,PE,2021-07-31 19:36:59,-13.4099,-76.1323,64.99,67,20,6.6
153,Kaitangata,NZ,2021-07-31 19:36:28,-46.2817,169.8464,47.28,97,100,2.77
154,Urumqi,CN,2021-07-31 19:37:00,43.801,87.6005,61.75,68,0,4.47
155,Carnarvon,AU,2021-07-31 19:37:00,-24.8667,113.6333,50.07,55,40,6.91
156,Port Blair,IN,2021-07-31 19:35:04,11.6667,92.75,82.09,81,100,17.16
157,Sergeyevka,KZ,2021-07-31 19:37:01,53.88,67.4158,66.58,76,100,5.77
158,Payson,US,2021-07-31 19:32:40,40.0444,-111.7321,92.01,44,40,1.01
159,San Cristobal,VE,2021-07-31 19:37:02,7.7669,-72.225,86.18,54,66,8.5
160,Lompoc,US,2021-07-31 19:34:48,34.6391,-120.4579,89.02,73,40,12.66
161,Sampit,ID,2021-07-31 19:37:02,-2.5333,112.95,73.53,96,16,2.66
162,Samaniego,CO,2021-07-31 19:37:03,1.3385,-77.5957,77.45,58,84,2.46
163,Torbay,CA,2021-07-31 19:37:03,47.6666,-52.7314,69.89,75,75,19.57
164,Ulaangom,MN,2021-07-31 19:37:03,49.9811,92.0667,58.01,71,100,3.91
165,Mitsamiouli,KM,2021-07-31 19:37:04,-11.3847,43.2844,76.87,71,0,5.3
166,Hofn,IS,2021-07-31 19:37:04,64.2539,-15.2082,50.02,88,34,10.45
167,Billings,US,2021-07-31 19:37:04,45.7833,-108.5007,95.29,24,40,11.5
168,Tasiilaq,GL,2021-07-31 19:35:54,65.6145,-37.6368,51.96,78,66,3.4
169,Otorohanga,NZ,2021-07-31 19:37:05,-38.1833,175.2,43.2,98,100,0.87
170,Hazaribag,IN,2021-07-31 19:37:06,23.9833,85.35,72.88,94,99,11.72
171,Alice Springs,AU,2021-07-31 19:37:06,-23.7,133.8833,58.55,58,0,5.75
172,Pisco,PE,2021-07-31 19:37:06,-13.7,-76.2167,66.25,72,20,9.22
173,New Norfolk,AU,2021-07-31 19:35:41,-42.7826,147.0587,47.7,71,12,1.99
174,Sorland,NO,2021-07-31 19:37:07,67.667,12.6934,49.32,76,100,11.03
175,Kavieng,PG,2021-07-31 19:35:44,-2.5744,150.7967,80.65,75,40,5.64
176,Chuy,UY,2021-07-31 19:37:07,-33.6971,-53.4616,53.89,80,0,4.68
177,Saint-Philippe,RE,2021-07-31 19:37:08,-21.3585,55.7679,69.39,81,24,13.29
178,Butaritari,KI,2021-07-31 19:37:08,3.0707,172.7902,81.16,75,14,6.04
179,Shingu,JP,2021-07-31 19:37:09,33.7333,135.9833,77.92,90,46,4.09
180,Jizan,SA,2021-07-31 19:37:09,17.3333,42.6667,77.94,57,96,3.6
181,Petropavlovsk-Kamchatskiy,RU,2021-07-31 19:37:09,53.0452,158.6483,50.59,100,90,2.24
182,Nanortalik,GL,2021-07-31 19:37:10,60.1432,-45.2371,48.36,81,72,14.23
183,Sokolka,PL,2021-07-31 19:37:10,53.4072,23.5023,66.65,89,100,6.4
184,Komsomolskiy,UZ,2021-07-31 19:37:11,40.4272,71.7189,81.32,41,99,4.61
185,Tura,IN,2021-07-31 19:36:58,25.5198,90.2201,74.21,98,100,4.63
186,Tshela,CD,2021-07-31 19:37:11,-4.9833,12.9333,71.76,78,2,3.96
187,Pangnirtung,CA,2021-07-31 19:36:30,66.1451,-65.7125,51.8,76,75,13.8
188,Tuktoyaktuk,CA,2021-07-31 19:37:12,69.4541,-133.0374,57.2,100,90,18.41
189,Esmeraldas,BR,2021-07-31 19:37:12,-19.7625,-44.3139,71.71,36,20,8.46
190,Lorengau,PG,2021-07-31 19:35:55,-2.0226,147.2712,79.75,77,36,4.18
191,Pokosnoye,RU,2021-07-31 19:37:13,55.5258,101.0536,57.29,70,100,4.36
192,Bengkulu,ID,2021-07-31 19:37:14,-3.8004,102.2655,75.09,91,31,3.74
193,Maragogi,BR,2021-07-31 19:36:51,-9.0122,-35.2225,76.87,78,65,12.91
194,Manokwari,ID,2021-07-31 19:37:14,-0.8667,134.0833,77.61,82,76,3.51
195,Vila Franca Do Campo,PT,2021-07-31 19:35:55,37.7167,-25.4333,77.41,79,32,5.12
196,Altamira,BR,2021-07-31 19:33:05,-3.2033,-52.2064,86.09,66,40,4.61
197,West Wendover,US,2021-07-31 19:37:15,40.7391,-114.0733,85.21,35,1,4.61
198,Kijang,KR,2021-07-31 19:37:15,35.2442,129.2139,80.33,86,65,0.98
199,Bambous Virieux,MU,2021-07-31 19:32:50,-20.3428,57.7575,70.05,78,75,14.97
200,Kahului,US,2021-07-31 19:35:12,20.8947,-156.47,82.98,69,20,21.85
201,Mahebourg,MU,2021-07-31 19:36:28,-20.4081,57.7,70.09,78,75,14.97
202,Yangambi,CD,2021-07-31 19:35:12,0.8102,24.4336,76.15,74,100,2.91
203,Clyde River,CA,2021-07-31 19:36:00,70.4692,-68.5914,44.83,81,75,9.22
204,Isangel,VU,2021-07-31 19:37:17,-19.55,169.2667,68.11,64,8,14.97
205,Kolondieba,ML,2021-07-31 19:37:17,11.0882,-6.8926,73.83,93,100,4.23
206,Panama,PA,2021-07-31 19:37:01,9.0,-80.0,90.45,73,100,8.9
207,Maumere,ID,2021-07-31 19:37:18,-8.6199,122.2111,78.35,81,56,10.4
208,Marquette,US,2021-07-31 19:34:49,46.5333,-87.6335,73.81,70,61,1.99
209,Cacoal,BR,2021-07-31 19:35:39,-11.4386,-61.4472,93.56,21,9,0.83
210,Lavrentiya,RU,2021-07-31 19:37:18,65.5833,-171.0,43.39,86,100,8.03
211,Rudbar,AF,2021-07-31 19:37:19,30.15,62.6,86.2,14,0,12.03
212,Seydi,TM,2021-07-31 19:37:19,39.4816,62.9137,81.99,16,1,12.82
213,Koslan,RU,2021-07-31 19:34:37,63.4564,48.8989,52.95,99,56,3.13
214,Hamilton,US,2021-07-31 19:37:20,39.1834,-84.5333,79.25,75,90,3.0
215,Padang,ID,2021-07-31 19:37:20,-0.9492,100.3543,76.19,88,100,3.09
216,Lewistown,US,2021-07-31 19:37:21,40.5992,-77.5714,82.76,39,1,6.91
217,Ponta Do Sol,PT,2021-07-31 19:36:23,32.6667,-17.1,72.23,67,3,7.74
218,Silver City,US,2021-07-31 19:37:21,32.7701,-108.2803,78.03,51,90,3.0
219,Asfi,MA,2021-07-31 19:37:22,32.2994,-9.2372,68.65,73,0,24.23
220,Georgetown,MY,2021-07-31 19:36:43,5.4112,100.3354,78.73,94,40,3.0
221,Constitucion,CL,2021-07-31 19:37:22,-35.3333,-72.4167,58.75,65,99,10.02
222,Saldanha,ZA,2021-07-31 19:37:22,-33.0117,17.9442,53.65,53,56,1.23
223,Sabha,LY,2021-07-31 19:37:23,27.0377,14.4283,91.24,13,0,11.16
224,Namatanai,PG,2021-07-31 19:35:27,-3.6667,152.4333,78.1,84,79,4.72
225,Namwala,ZM,2021-07-31 19:37:23,-15.7504,26.4384,61.14,54,0,7.49
226,Porto Novo,BJ,2021-07-31 19:37:24,6.4965,2.6036,80.42,85,100,6.02
227,Illapel,CL,2021-07-31 19:36:11,-31.6308,-71.1653,73.58,30,41,5.46
228,Provideniya,RU,2021-07-31 19:37:25,64.3833,-173.3,45.5,85,100,3.85
229,Syriam,MM,2021-07-31 19:37:25,16.7722,96.2378,77.11,100,90,5.75
230,Alekseyevsk,RU,2021-07-31 19:37:25,57.8406,108.3492,55.49,66,5,4.59
231,Auki,SB,2021-07-31 19:37:26,-8.7676,160.7034,76.3,88,100,7.2
232,Honiara,SB,2021-07-31 19:37:26,-9.4333,159.95,75.96,87,72,3.6
233,Aklavik,CA,2021-07-31 19:36:02,68.2191,-135.0107,75.92,38,96,11.48
234,Coihaique,CL,2021-07-31 19:32:53,-45.5752,-72.0662,43.41,56,0,6.91
235,Atar,MR,2021-07-31 19:37:27,20.5169,-13.0499,99.41,23,6,17.38
236,Nara,JP,2021-07-31 19:35:55,34.6851,135.8049,79.88,94,78,1.92
237,Shelopugino,RU,2021-07-31 19:37:28,51.6514,117.5599,46.81,96,5,2.28
238,Loandjili,CG,2021-07-31 19:37:28,-4.7561,11.8578,73.51,83,20,3.44
239,Oron,NG,2021-07-31 19:37:29,4.8256,8.2343,74.95,91,71,4.43
240,Klaksvik,FO,2021-07-31 19:37:29,62.2266,-6.589,49.12,74,84,12.46
241,Pokaran,IN,2021-07-31 19:37:30,26.9167,71.9167,90.48,55,100,22.3
242,Dandong,CN,2021-07-31 19:37:30,40.1292,124.3947,72.77,97,65,4.09
243,Yarmouth,US,2021-07-31 19:32:46,41.7057,-70.2286,76.24,57,1,5.99
244,Fuling,CN,2021-07-31 19:37:30,29.7022,107.3919,76.84,85,0,2.86
245,Tamworth,GB,2021-07-31 19:37:31,52.634,-1.6959,63.19,80,85,3.0
246,Nabire,ID,2021-07-31 19:37:31,-3.3667,135.4833,74.93,91,89,3.42
247,Vallenar,CL,2021-07-31 19:37:32,-28.5708,-70.7581,78.4,19,0,5.44
248,San Lawrenz,MT,2021-07-31 19:37:32,36.0553,14.204,83.86,82,0,1.39
249,Ayan,RU,2021-07-31 19:37:32,56.45,138.1667,54.1,71,0,6.8
250,Naze,JP,2021-07-31 19:35:49,28.3667,129.4833,78.76,84,98,8.55
251,Viedma,AR,2021-07-31 19:37:33,-40.8135,-62.9967,51.94,38,4,9.73
252,Saint-Augustin,CA,2021-07-31 19:37:33,51.226,-58.6502,54.95,87,100,18.05
253,Nagato,JP,2021-07-31 19:37:34,34.3833,131.2,78.71,90,100,4.72
254,Poddorye,RU,2021-07-31 19:37:34,57.4695,31.1156,59.18,95,4,5.1
255,San-Pedro,CI,2021-07-31 19:37:34,4.7485,-6.6363,75.25,90,71,8.57
256,Wukari,NG,2021-07-31 19:37:35,7.85,9.7833,75.52,78,93,4.9
257,Northam,GB,2021-07-31 19:33:15,51.0333,-4.2167,63.01,91,14,7.05
258,Airai,TL,2021-07-31 19:32:01,-8.9266,125.4092,58.24,90,60,3.62
259,Severo-Kurilsk,RU,2021-07-31 19:37:29,50.6789,156.125,53.53,96,100,4.72
260,Beitbridge,ZW,2021-07-31 19:37:36,-22.2167,30.0,60.49,59,0,6.51
261,Bandar,ID,2021-07-31 19:37:36,2.05,99.75,72.19,96,100,2.3
262,Yar-Sale,RU,2021-07-31 19:37:37,66.8333,70.8333,46.44,86,14,8.19
263,Mouzouras,GR,2021-07-31 19:37:37,35.5333,24.15,82.4,74,0,0.0
264,Kundiawa,PG,2021-07-31 19:37:37,-6.0167,144.9667,57.87,97,60,2.57
265,Saint George,US,2021-07-31 19:37:38,37.1041,-113.5841,96.39,33,1,1.99
266,Atambua,ID,2021-07-31 19:36:41,-9.1061,124.8925,71.69,88,30,5.48
267,Anadyr,RU,2021-07-31 19:37:38,64.75,177.4833,43.3,75,40,5.99
268,Aksarka,RU,2021-07-31 19:37:39,66.5606,67.7975,45.93,86,37,6.51
269,Ahar,IR,2021-07-31 19:37:39,38.4774,47.0699,67.73,75,100,5.03
270,Dunedin,NZ,2021-07-31 19:37:15,-45.8742,170.5036,50.81,85,100,15.99
271,Kolokani,ML,2021-07-31 19:34:51,13.5728,-8.0339,80.64,70,100,7.7
272,Kondinskoye,RU,2021-07-31 19:37:40,59.6481,67.41,55.44,89,6,6.91
273,Bilma,NE,2021-07-31 19:37:40,18.6853,12.9164,98.42,12,33,6.46
274,Coffs Harbour,AU,2021-07-31 19:37:41,-30.3,153.1333,58.96,63,0,4.61
275,Fandriana,MG,2021-07-31 19:37:41,-20.2333,47.3833,48.11,92,61,4.18
276,Qaanaaq,GL,2021-07-31 19:37:41,77.484,-69.3632,43.2,83,93,3.44
277,Faya,SA,2021-07-31 19:37:42,18.3851,42.4509,64.51,84,100,8.55
278,Mazagao,BR,2021-07-31 19:37:43,-0.115,-51.2894,89.65,73,69,4.0
279,Leningradskiy,RU,2021-07-31 19:37:04,69.3833,178.4167,33.51,90,100,13.65
280,Mackay,AU,2021-07-31 19:37:43,-21.15,149.2,66.04,94,75,2.3
281,Westport,US,2021-07-31 19:36:31,41.1415,-73.3579,78.98,51,20,1.99
282,Jalu,LY,2021-07-31 19:37:44,29.0331,21.5482,92.08,22,0,21.14
283,Cidreira,BR,2021-07-31 19:35:49,-30.1811,-50.2056,57.0,82,0,13.94
284,Whitehorse,CA,2021-07-31 19:36:23,60.7161,-135.0538,75.09,40,20,13.0
285,La Ronge,CA,2021-07-31 19:37:45,55.1001,-105.2842,75.42,38,20,8.05
286,Lata,PT,2021-07-31 19:37:45,40.1629,-8.3327,63.91,80,9,8.55
287,Longyearbyen,SJ,2021-07-31 19:36:51,78.2186,15.6401,44.44,70,75,13.8
288,Darnah,LY,2021-07-31 19:37:46,32.767,22.6367,85.39,43,0,15.3
289,Moose Factory,CA,2021-07-31 19:37:46,51.2585,-80.6094,69.8,49,1,5.75
290,Pasni,PK,2021-07-31 19:37:46,25.2631,63.471,81.19,85,100,11.3
291,Aransas Pass,US,2021-07-31 19:37:47,27.9095,-97.15,95.23,72,1,8.01
292,Kemijarvi,FI,2021-07-31 19:37:47,66.7131,27.4306,48.74,91,67,1.59
293,Sao Gabriel Da Cachoeira,BR,2021-07-31 19:37:48,-0.1303,-67.0892,78.6,69,75,4.61
294,Bardiyah,LY,2021-07-31 19:37:48,31.7561,25.0865,80.83,79,0,18.21
295,Novopokrovskaya,RU,2021-07-31 19:37:48,45.9514,40.7006,80.15,33,9,2.57
296,Ukiah,US,2021-07-31 19:37:49,39.1502,-123.2078,102.43,27,1,6.91
297,Kasama,ZM,2021-07-31 19:37:49,-10.2129,31.1808,62.4,51,53,8.75
298,Kuybysheve,UA,2021-07-31 19:37:49,47.358,36.6491,74.3,59,49,2.89
299,Fort-Shevchenko,KZ,2021-07-31 19:37:50,44.5086,50.263,80.37,54,0,6.31
300,Broome,US,2021-07-31 19:37:50,42.2506,-75.833,73.62,56,20,3.0
301,Raichur,IN,2021-07-31 19:37:51,16.2,77.3667,75.61,73,100,18.21
302,Lagoa,PT,2021-07-31 19:35:48,39.05,-27.9833,71.22,80,100,9.75
303,Adrar,MR,2021-07-31 19:37:38,20.5022,-10.0711,98.64,21,68,13.44
304,Rayagada,IN,2021-07-31 19:37:51,19.1667,83.4167,77.31,82,95,3.2
305,Nizwa,OM,2021-07-31 19:37:52,22.9333,57.5333,91.58,43,22,5.55
306,Bam,IR,2021-07-31 19:37:52,29.106,58.357,90.41,18,28,6.69
307,Alta Floresta,BR,2021-07-31 19:37:52,-9.8756,-56.0861,94.82,24,0,5.75
308,Bathsheba,BB,2021-07-31 19:37:09,13.2167,-59.5167,88.41,66,75,20.71
309,Coruripe,BR,2021-07-31 19:37:53,-10.1256,-36.1756,74.32,86,24,17.83
310,Loiza,PR,2021-07-31 19:37:53,18.4313,-65.8802,91.2,67,40,16.11
311,Marzuq,YE,2021-07-31 19:37:54,14.4,46.4667,77.58,65,9,6.06
312,Dongsheng,CN,2021-07-31 19:37:54,39.8161,109.9776,63.12,59,3,13.09
313,Ilulissat,GL,2021-07-31 19:37:55,69.2167,-51.1,59.02,38,1,3.44
314,Cap Malheureux,MU,2021-07-31 19:37:33,-19.9842,57.6142,70.29,78,0,5.01
315,Sechura,PE,2021-07-31 19:37:55,-5.5569,-80.8222,78.15,56,10,15.05
316,Tobol,KZ,2021-07-31 19:37:55,52.6844,62.5794,66.67,76,90,6.11
317,Polis,CY,2021-07-31 19:37:56,35.0367,32.4264,82.29,43,0,1.81
318,Mazamari,PE,2021-07-31 19:37:56,-11.3258,-74.5308,81.52,53,74,2.59
319,Saint Anthony,US,2021-07-31 19:35:54,45.0205,-93.218,87.26,45,40,4.0
320,Saint-Paul,RE,2021-07-31 19:37:57,-21.0096,55.2707,69.91,76,32,1.01
321,Ures,MX,2021-07-31 19:37:57,29.4333,-110.4,98.71,33,6,4.5
322,Turka,UA,2021-07-31 19:37:57,49.1541,23.0297,63.14,95,48,1.34
323,Mehamn,NO,2021-07-31 19:37:58,71.0357,27.8492,49.35,86,100,1.34
324,Katsuura,JP,2021-07-31 19:37:58,35.1333,140.3,80.11,82,89,0.74
325,Sao Paulo De Olivenca,BR,2021-07-31 19:37:59,-3.3783,-68.8725,86.27,38,88,1.74
326,Mae Sai,TH,2021-07-31 19:37:59,20.4335,99.8762,75.43,95,100,1.83
327,Penon Blanco,MX,2021-07-31 19:38:00,24.7897,-104.0369,84.76,33,40,10.56
328,Port-Cartier,CA,2021-07-31 19:38:00,50.0334,-66.8654,69.93,56,100,9.35
329,Yasnyy,RU,2021-07-31 19:38:01,51.0333,59.8742,76.3,40,74,7.96
330,Marawi,PH,2021-07-31 19:38:01,7.9986,124.2928,68.65,92,57,3.15
331,Hurghada,EG,2021-07-31 19:38:01,27.2574,33.8129,91.44,29,0,0.0
332,Mareeba,AU,2021-07-31 19:38:02,-17.0,145.4333,61.52,96,20,2.46
333,Kiama,AU,2021-07-31 19:38:02,-34.6833,150.8667,60.01,70,1,8.08
334,Pathein,MM,2021-07-31 19:38:03,16.7833,94.7333,79.03,89,100,8.46
335,Jacareacanga,BR,2021-07-31 19:38:03,-6.2222,-57.7528,96.57,24,58,3.69
336,Tiznit,MA,2021-07-31 19:38:03,29.5833,-9.5,83.77,37,3,2.95
337,Lawrence,US,2021-07-31 19:34:09,38.9717,-95.2353,91.58,71,20,14.97
338,Bairiki,KI,2021-07-31 19:38:04,1.3292,172.9752,77.0,94,20,1.14
339,Dicabisagan,PH,2021-07-31 19:38:05,17.0818,122.4157,81.01,82,100,4.38
340,Pundaguitan,PH,2021-07-31 19:38:05,6.3711,126.1689,82.54,76,100,8.01
341,Havoysund,NO,2021-07-31 19:38:05,70.9963,24.6622,45.48,87,100,6.26
342,Camacha,PT,2021-07-31 19:38:06,33.0833,-16.3333,69.22,68,40,12.66
343,Ugoofaaru,MV,2021-07-31 19:38:06,5.6667,73.0,82.22,76,28,11.23
344,Camargo,MX,2021-07-31 19:38:07,27.6667,-105.1667,89.26,30,42,0.49
345,Kamaishi,JP,2021-07-31 19:38:07,39.2667,141.8833,73.54,93,100,6.73
346,Ekhabi,RU,2021-07-31 19:38:07,53.5102,142.9671,50.31,84,100,2.57
347,Kayerkan,RU,2021-07-31 19:38:08,69.3497,87.7602,51.17,80,13,9.66
348,Sofiyivka,UA,2021-07-31 19:38:08,48.0493,33.8746,75.36,45,100,7.02
349,Mackenzie,CA,2021-07-31 19:38:10,55.2999,-123.1698,75.42,50,1,6.91
350,Esil,KZ,2021-07-31 19:38:10,51.9556,66.4042,71.91,65,100,2.66
351,Magadan,RU,2021-07-31 19:38:10,59.5667,150.8,53.29,72,35,5.19
352,Lingao,CN,2021-07-31 19:38:11,19.9103,109.6859,82.08,80,100,13.87
353,Bolotnoye,RU,2021-07-31 19:38:11,55.6717,84.3981,61.29,57,96,8.03
354,Macae,BR,2021-07-31 19:38:12,-22.3708,-41.7869,69.67,77,0,9.22
355,Puerto Escondido,MX,2021-07-31 19:35:43,15.85,-97.0667,88.63,62,75,5.75
356,Vila Velha,BR,2021-07-31 19:34:42,-20.3297,-40.2925,73.96,66,40,12.66
357,Farah,AF,2021-07-31 19:38:13,32.5,62.5,78.93,13,0,4.85
358,Galeana,MX,2021-07-31 19:38:13,24.8333,-100.0667,78.31,45,16,8.9
359,Llanes,ES,2021-07-31 19:38:14,43.4198,-4.7549,62.87,79,44,12.28
360,Richards Bay,ZA,2021-07-31 19:38:14,-28.783,32.0377,63.63,82,0,9.78
361,Lavumisa,SZ,2021-07-31 19:38:14,-27.31,31.892,57.29,71,0,3.06
362,Manggar,ID,2021-07-31 19:36:49,-2.8833,108.2667,80.8,77,43,10.29
363,Vestmannaeyjar,IS,2021-07-31 19:35:50,63.4427,-20.2734,53.56,93,99,8.28
364,Mushie,CD,2021-07-31 19:38:15,-3.0167,16.9,83.25,34,94,2.15
365,Kuytun,RU,2021-07-31 19:38:15,54.3419,101.5036,56.12,70,100,5.06
366,Muroto,JP,2021-07-31 19:38:16,33.2833,134.15,80.78,72,78,2.53
367,Dondo,MZ,2021-07-31 19:38:16,-19.6094,34.7431,69.31,91,0,3.89
368,Udachnyy,RU,2021-07-31 19:38:17,66.4167,112.4,62.15,42,6,5.17
369,Harper,LR,2021-07-31 19:37:04,4.375,-7.7169,76.84,84,99,12.48
370,Santa Comba,ES,2021-07-31 19:38:18,43.0331,-8.8093,62.42,90,74,2.71
371,Madang,PG,2021-07-31 19:38:18,-5.2246,145.7966,75.06,88,84,4.09
372,Ponta Delgada,PT,2021-07-31 19:38:19,37.7333,-25.6667,77.72,61,20,8.05
373,Vila Do Maio,CV,2021-07-31 19:38:19,15.1333,-23.2167,79.59,83,92,13.47
374,Itapuranga,BR,2021-07-31 19:38:19,-15.5622,-49.9486,87.73,17,31,3.49
375,Nsanje,MW,2021-07-31 19:38:20,-16.92,35.262,65.53,86,60,3.29
376,Matara,LK,2021-07-31 19:38:20,5.9485,80.5353,78.26,87,26,10.74
377,Tromso,NO,2021-07-31 19:37:12,69.6496,18.957,48.85,76,75,9.22
378,Kawasaki,JP,2021-07-31 19:38:21,35.5206,139.7172,81.1,90,20,5.75
379,Fairbanks,US,2021-07-31 19:35:13,64.8378,-147.7164,70.61,59,1,1.01
380,Nuuk,GL,2021-07-31 19:38:21,64.1835,-51.7216,52.41,71,75,11.5
381,Olivet,FR,2021-07-31 19:38:21,47.8622,1.8991,69.98,46,0,9.22
382,Kismayo,SO,2021-07-31 19:38:22,-0.3582,42.5454,75.58,85,82,20.38
383,Te Anau,NZ,2021-07-31 19:38:22,-45.4167,167.7167,46.31,98,100,1.19
384,Port Lincoln,AU,2021-07-31 19:37:51,-34.7333,135.8667,49.12,76,4,8.28
385,Aswan,EG,2021-07-31 19:38:23,24.0934,32.907,93.58,15,57,8.28
386,Roma,US,2021-07-31 19:37:55,43.2128,-75.4557,72.57,51,40,8.05
387,Mitu,CO,2021-07-31 19:34:11,1.1983,-70.1733,80.83,67,96,1.88
388,Astana,KZ,2021-07-31 19:34:07,51.1801,71.446,67.95,49,0,2.24
389,Zhangye,CN,2021-07-31 19:38:24,38.9342,100.4517,77.13,28,11,5.1
390,Shirokiy,RU,2021-07-31 19:38:24,49.758,129.523,64.33,97,63,15.73
391,Chapleau,CA,2021-07-31 19:38:25,47.8405,-83.4034,57.29,88,90,0.0
392,Sobolevo,RU,2021-07-31 19:38:25,54.4299,31.8996,64.29,68,99,4.03
393,Tessalit,ML,2021-07-31 19:38:25,20.1986,1.0114,94.78,27,31,16.67
394,Escanaba,US,2021-07-31 19:38:26,45.7453,-87.0646,80.67,71,40,5.75
395,Muromtsevo,RU,2021-07-31 19:38:26,56.3724,75.2418,56.73,97,0,4.63
396,Tuatapere,NZ,2021-07-31 19:35:45,-46.1333,167.6833,47.82,96,100,3.91
397,Iqaluit,CA,2021-07-31 19:36:07,63.7506,-68.5145,56.93,58,75,5.75
398,Rabo De Peixe,PT,2021-07-31 19:38:27,37.8,-25.5833,76.51,61,20,8.05
399,Careiro Da Varzea,BR,2021-07-31 19:38:27,-3.2003,-59.8119,86.63,37,53,2.84
400,Kulevcha,UA,2021-07-31 19:38:28,46.0303,29.9361,74.91,71,22,6.93
401,Garden City,US,2021-07-31 19:33:38,42.3256,-83.331,81.64,54,40,1.01
402,Ahipara,NZ,2021-07-31 19:36:35,-35.1667,173.1667,52.09,86,19,5.01
403,Qaqortoq,GL,2021-07-31 19:38:29,60.7167,-46.0333,63.1,81,43,2.46
404,Tabou,CI,2021-07-31 19:38:29,4.423,-7.3528,76.33,86,93,11.5
405,Verkhnevilyuysk,RU,2021-07-31 19:38:29,63.4453,120.3167,56.44,59,0,3.33
406,Fatezh,RU,2021-07-31 19:38:30,52.0891,35.8632,69.78,64,51,1.59
407,Namibe,AO,2021-07-31 19:38:30,-15.1961,12.1522,68.02,94,38,2.48
408,Touba,CI,2021-07-31 19:38:30,8.2833,-7.6833,70.12,96,51,4.18
409,Burnie,AU,2021-07-31 19:38:31,-41.0667,145.9167,45.28,84,24,10.18
410,Quatre Cocos,MU,2021-07-31 19:38:31,-20.2078,57.7625,69.91,71,3,14.99
411,Port Macquarie,AU,2021-07-31 19:38:32,-31.4333,152.9167,44.56,70,0,9.55
412,Huejuquilla El Alto,MX,2021-07-31 19:38:32,22.6,-103.8667,79.92,42,88,3.4
413,Kuusamo,FI,2021-07-31 19:38:32,65.9667,29.1833,55.44,88,90,2.3
414,Mapiripan,CO,2021-07-31 19:38:33,2.8892,-72.1256,81.41,68,99,4.59
415,Pacific Grove,US,2021-07-31 19:38:33,36.6177,-121.9166,83.16,79,40,5.99
416,Ankang,CN,2021-07-31 19:38:33,32.68,109.0172,72.66,75,0,2.44
417,Cockburn Town,TC,2021-07-31 19:31:05,21.4612,-71.1419,87.76,62,40,14.97
418,Eureka,US,2021-07-31 19:35:11,40.8021,-124.1637,97.75,75,70,4.0
419,Sioux Lookout,CA,2021-07-31 19:37:10,50.1001,-91.917,70.18,52,75,14.97
420,San Policarpo,PH,2021-07-31 19:38:34,12.1791,125.5072,82.08,79,99,9.82
421,Lima,PE,2021-07-31 19:38:35,-12.0432,-77.0282,65.89,75,90,5.75
422,Phalaborwa,ZA,2021-07-31 19:38:35,-23.943,31.1411,60.08,53,0,0.36
423,Sovetskiy,RU,2021-07-31 19:38:35,61.3614,63.5842,56.14,81,94,5.93
424,Tevriz,RU,2021-07-31 19:38:36,57.509,72.4042,53.19,95,3,2.17
425,Okhotsk,RU,2021-07-31 19:38:36,59.3833,143.3,57.61,67,15,8.57
426,Angoche,MZ,2021-07-31 19:38:37,-16.2325,39.9086,75.0,72,52,10.71
427,Khorramshahr,IR,2021-07-31 19:38:37,30.4397,48.1664,93.16,55,0,6.91
428,Yerbogachen,RU,2021-07-31 19:38:37,61.2767,108.0108,54.93,65,0,4.65
429,Belyy Yar,RU,2021-07-31 19:38:38,53.6039,91.3903,53.49,100,0,0.0
430,Ambon,ID,2021-07-31 19:38:38,-3.6954,128.1814,79.05,83,27,7.18
431,Clinton,US,2021-07-31 19:38:39,42.587,-82.9199,80.92,56,75,1.01
432,Mtwara,TZ,2021-07-31 19:38:39,-10.2667,40.1833,73.04,77,29,11.61
433,Gamba,GA,2021-07-31 19:38:39,-2.65,10.0,73.72,80,9,8.9
434,Prachuap Khiri Khan,TH,2021-07-31 19:38:40,12.2167,99.75,84.69,77,100,8.97
435,Fare,PF,2021-07-31 19:38:40,-16.7,-151.0167,77.59,62,100,16.62
436,Kenai,US,2021-07-31 19:35:17,60.5544,-151.2583,64.02,74,40,0.0
437,Pushchino,RU,2021-07-31 19:38:41,54.8339,37.6264,67.75,70,84,6.04
438,Red Bank,US,2021-07-31 19:38:41,40.3471,-74.0643,81.09,45,1,3.0
439,Shestakovo,RU,2021-07-31 19:38:41,56.4915,103.96,57.0,88,54,2.21
440,Neryungri,RU,2021-07-31 19:38:42,56.6709,124.6491,44.87,81,100,2.89
441,Churapcha,RU,2021-07-31 19:38:42,62.0025,132.4325,57.06,59,2,4.32
442,Sao Joao Da Barra,BR,2021-07-31 19:38:43,-21.6403,-41.0511,62.69,64,100,11.36
443,Mandalgovi,MN,2021-07-31 19:35:26,45.7625,106.2708,58.46,70,4,4.25
444,Jvari,GE,2021-07-31 19:38:43,42.7169,42.052,70.05,93,26,3.8
445,Barillas,GT,2021-07-31 19:38:44,15.8036,-91.3158,80.94,83,49,4.21
446,Gat,IL,2021-07-31 19:38:44,31.61,34.7642,82.4,57,0,4.12
447,Arvika,SE,2021-07-31 19:38:44,59.6553,12.5852,61.5,96,83,3.4
448,Barre,US,2021-07-31 19:36:42,44.197,-72.5021,73.72,42,20,10.36
449,Aviemore,GB,2021-07-31 19:38:45,57.1955,-3.8259,54.45,84,99,4.7
450,Wonthaggi,AU,2021-07-31 19:38:46,-38.6044,145.5913,48.7,82,100,11.61
451,Merauke,ID,2021-07-31 19:38:46,-8.4667,140.3333,75.02,91,81,11.21
452,Mount Isa,AU,2021-07-31 19:38:46,-20.7333,139.5,67.77,52,90,0.0
453,Youkounkoun,GN,2021-07-31 19:38:47,12.5333,-13.1333,75.16,94,93,6.06
454,Mattru,SL,2021-07-31 19:38:47,7.6244,-11.8332,71.98,98,100,3.67
455,Buraydah,SA,2021-07-31 19:38:47,26.326,43.975,95.45,9,3,8.5
456,Belgrade,RS,2021-07-31 19:38:48,44.804,20.4651,83.86,26,0,8.05
457,Ust-Nera,RU,2021-07-31 19:38:48,64.5667,143.2,58.05,60,69,4.27
458,Iwanai,JP,2021-07-31 19:38:49,42.9744,140.5089,71.17,87,51,4.36
459,Leh,IN,2021-07-31 19:38:49,34.1667,77.5833,64.87,51,60,5.32
460,Borzya,RU,2021-07-31 19:38:49,50.3833,116.5167,50.45,87,0,4.14
461,Bahia Blanca,AR,2021-07-31 19:38:50,-38.7196,-62.2724,54.57,38,5,8.81
462,Alyangula,AU,2021-07-31 19:36:03,-13.8483,136.4192,67.87,100,75,0.0
463,Nelson Bay,AU,2021-07-31 19:38:51,-32.7167,152.15,60.69,70,0,5.91
464,Price,US,2021-07-31 19:38:51,39.5994,-110.8107,84.72,47,1,4.61
465,North Bend,US,2021-07-31 19:38:51,43.4065,-124.2243,69.93,94,90,10.36
466,Chacabuco,AR,2021-07-31 19:37:13,-34.6417,-60.4739,60.89,38,3,0.98
467,Conway,US,2021-07-31 19:35:01,35.0887,-92.4421,99.7,48,40,9.22
468,Gap,FR,2021-07-31 19:38:52,44.6667,6.0,50.83,93,95,3.0
469,Itoman,JP,2021-07-31 19:38:52,26.1247,127.6694,82.78,89,75,13.8
470,Krasnoselkup,RU,2021-07-31 19:38:53,65.7,82.4667,51.58,75,81,7.45
471,Marsh Harbour,BS,2021-07-31 19:35:36,26.5412,-77.0636,84.96,67,7,8.88
472,Yenagoa,NG,2021-07-31 19:38:53,4.9247,6.2642,77.22,81,100,5.19
473,Hongjiang,CN,2021-07-31 19:38:54,27.11,109.9956,77.83,77,85,3.27
474,Broken Hill,AU,2021-07-31 19:37:20,-31.95,141.4333,49.71,93,90,0.0
475,Wanning,CN,2021-07-31 19:38:55,18.8003,110.3967,82.09,80,100,10.54
476,Luunja,EE,2021-07-31 19:38:55,58.3558,26.8808,64.74,61,90,4.61
477,Altenstadt,DE,2021-07-31 19:38:55,50.2833,8.95,68.61,67,83,4.12
478,Portland,US,2021-07-31 19:36:38,45.5234,-122.6762,91.4,45,90,3.44
479,Nadym,RU,2021-07-31 19:38:56,65.5333,72.5167,48.76,77,24,9.35
480,Nabisar,PK,2021-07-31 19:38:57,25.0685,69.6419,84.34,69,100,21.63
481,Baruun-Urt,MN,2021-07-31 19:37:39,46.6806,113.2792,51.55,76,2,7.67
482,Zhangjiakou,CN,2021-07-31 19:38:57,40.81,114.8794,67.3,61,54,13.0
483,Nam Som,TH,2021-07-31 19:38:57,17.7704,102.1895,82.6,88,100,3.36
484,Sao Filipe,CV,2021-07-31 19:37:02,14.8961,-24.4956,76.05,84,86,11.9
485,Samarai,PG,2021-07-31 19:38:58,-10.6167,150.6667,78.12,65,91,15.86
486,Sinnamary,GF,2021-07-31 19:37:27,5.3833,-52.95,82.94,74,87,8.41
487,Palmer,US,2021-07-31 19:38:59,42.1584,-72.3287,76.64,44,20,4.0
488,Half Moon Bay,US,2021-07-31 19:35:19,37.4636,-122.4286,89.82,66,40,1.99
489,Vao,NC,2021-07-31 19:38:23,-22.6667,167.4833,66.83,59,0,22.68
490,Taltal,CL,2021-07-31 19:37:54,-25.4,-70.4833,63.18,69,24,4.34
491,Taoudenni,ML,2021-07-31 19:36:44,22.6783,-3.9836,106.5,10,0,5.61
492,Sao Jose Da Coroa Grande,BR,2021-07-31 19:39:00,-8.8978,-35.1478,77.02,78,51,13.22
493,Hervey Bay,AU,2021-07-31 19:39:00,-25.2986,152.8535,62.02,89,0,1.01
494,Evanston,US,2021-07-31 19:39:01,42.0411,-87.6901,82.15,53,40,1.01
495,Eyl,SO,2021-07-31 19:39:01,7.9803,49.8164,76.21,79,14,20.29
496,Lichinga,MZ,2021-07-31 19:36:59,-13.3128,35.2406,60.89,72,0,12.66
497,Solnechnyy,RU,2021-07-31 19:39:02,50.7214,136.6319,49.33,97,100,7.16
498,Yerofey Pavlovich,RU,2021-07-31 19:39:02,53.9667,121.9667,55.06,82,100,4.36
499,Ratnagiri,IN,2021-07-31 19:39:02,16.9833,73.3,80.11,85,97,16.28
500,Itarema,BR,2021-07-31 19:39:03,-2.9248,-39.9167,81.61,68,89,15.57
501,Vysokogornyy,RU,2021-07-31 19:39:03,50.1167,139.15,57.87,94,99,3.06
502,Hobyo,SO,2021-07-31 19:35:56,5.3505,48.5268,76.69,78,85,25.66
503,Kieta,PG,2021-07-31 19:39:04,-6.2167,155.6333,77.85,83,47,4.99
504,Sarangani,PH,2021-07-31 19:39:04,5.4033,125.4636,83.46,78,74,11.12
505,Ossora,RU,2021-07-31 19:36:24,59.2353,163.0719,53.06,62,4,1.86
506,Hay River,CA,2021-07-31 19:39:05,60.8156,-115.7999,84.18,30,1,9.22
507,Tabivere,EE,2021-07-31 19:39:05,58.5542,26.5956,64.38,90,4,4.85
508,Makamba,BI,2021-07-31 19:39:05,-4.1348,29.804,63.81,44,10,2.66
509,Fairview,US,2021-07-31 19:39:06,40.8126,-73.999,79.83,40,1,4.61
510,Duldurga,RU,2021-07-31 19:39:06,50.6761,113.5931,49.78,77,9,3.6
511,Solone,UA,2021-07-31 19:39:07,48.2081,34.8721,73.45,52,4,5.44
512,Villa Constitucion,AR,2021-07-31 19:39:07,-33.2278,-60.3297,66.87,31,0,2.24
513,San Pedro,PH,2021-07-31 19:39:08,14.35,121.0167,82.15,84,75,11.5
514,Rocha,UY,2021-07-31 19:39:08,-34.4833,-54.3333,54.63,70,3,4.38
515,Quelimane,MZ,2021-07-31 19:39:08,-17.8786,36.8883,69.75,88,40,3.44
516,Batavia,US,2021-07-31 19:39:09,41.85,-88.3126,81.52,57,40,4.0
517,Kontagora,NG,2021-07-31 19:39:09,10.3999,5.4695,74.35,86,85,3.06
518,Necochea,AR,2021-07-31 19:39:10,-38.5473,-58.7368,51.04,66,39,9.84
519,Lagunas,PE,2021-07-31 19:39:10,-5.2269,-75.6753,87.67,38,24,1.83
520,Asau,RO,2021-07-31 19:36:45,46.4333,26.4,74.32,89,51,5.5
521,Tabuk,PH,2021-07-31 19:39:11,17.4189,121.4443,76.5,81,100,2.59
522,Senno,RU,2021-07-31 19:39:11,59.5336,33.9167,52.27,74,0,4.92
523,Noumea,NC,2021-07-31 19:39:11,-22.2763,166.4572,69.01,99,51,13.06
524,Sakakah,SA,2021-07-31 19:39:12,29.9697,40.2064,92.77,11,0,6.73
525,Sistranda,NO,2021-07-31 19:39:12,63.7256,8.834,53.56,80,100,17.47
526,Strezhevoy,RU,2021-07-31 19:39:12,60.7333,77.5889,49.98,97,14,5.75
527,Mezen,RU,2021-07-31 19:39:13,65.8522,44.24,48.45,99,51,4.92
528,Axim,GH,2021-07-31 19:39:13,4.8699,-2.2405,76.66,85,91,7.67
529,Becerril,CO,2021-07-31 19:39:13,9.7041,-73.2793,100.36,33,4,3.62
530,Port Keats,AU,2021-07-31 19:39:14,-14.25,129.55,73.27,91,75,1.39
531,Massaguet,TD,2021-07-31 19:39:14,12.4755,15.4365,75.24,84,99,6.51
532,Lucea,JM,2021-07-31 19:39:15,18.451,-78.1736,88.86,74,19,13.15
533,Ostrovnoy,RU,2021-07-31 19:39:15,68.0531,39.5131,46.58,95,99,5.01
534,Narsaq,GL,2021-07-31 19:36:26,60.9167,-46.05,62.82,70,19,4.14
535,Nhulunbuy,AU,2021-07-31 19:38:04,-12.2333,136.7667,74.01,100,45,4.61
536,Touros,BR,2021-07-31 19:37:56,-5.1989,-35.4608,83.3,67,91,17.58
537,Poum,NC,2021-07-31 19:34:41,-20.2333,164.0167,68.49,59,25,17.56
538,Laguna,US,2021-07-31 19:37:27,38.421,-121.4238,99.43,37,1,1.01
539,Maceio,BR,2021-07-31 19:34:26,-9.6658,-35.7353,78.24,83,75,16.11
540,Moron,AR,2021-07-31 19:38:26,-34.6534,-58.6198,63.05,55,64,0.74
541,Miandrivazo,MG,2021-07-31 19:39:16,-19.5167,45.4667,71.85,37,3,4.29
542,Oktyabrskoye,RU,2021-07-31 19:39:17,43.0645,44.7417,66.34,88,52,4.47
543,Nishihara,JP,2021-07-31 19:39:17,26.1842,127.7558,82.06,89,75,13.8
544,Ati,TD,2021-07-31 19:39:17,13.2154,18.3353,79.68,77,53,9.01
545,Mantua,IT,2021-07-31 19:37:31,45.1667,10.7833,84.7,75,40,5.99
546,Murino,RU,2021-07-31 19:39:18,60.0494,30.4459,66.15,70,65,3.65
547,Aljezur,PT,2021-07-31 19:39:19,37.3191,-8.8033,62.74,79,83,19.73
548,Los Llanos De Aridane,ES,2021-07-31 19:39:19,28.6585,-17.9182,69.55,78,40,19.57
